Story,Elevation,Beam Size,Exterior Column Size,Interior Column Size,Exterior Col.,Interior Col.
1,165.00,W30X108,W36X302,W36X361,0,0
2,321.00,W40X183,W36X302,W36X361,0,1/4
3,477.00,W40X215,W36X247,W36X361,1/16,9/16
4,633.00,W40X215,W36X247,W36X361,1/16,9/16
5,789.00,W40X215,W36X231,W36X361,1/8,9/16
6,945.00,W40X215,W36X231,W36X361,1/8,9/16
7,1101.00,W40X277,W36X231,W36X361,3/8,1-1/16
8,1257.00,W40X277,W36X231,W36X361,3/8,1-1/16
9,1413.00,W40X277,W36X231,W36X361,3/8,1-1/16
10,1569.00,W40X277,W36X231,W36X361,3/8,1-1/16
11,1725.00,W40X297,W36X231,W36X361,1/2,1-1/4
12,1881.00,W40X297,W36X231,W36X361,1/2,1-1/4
13,2037.00,W40X297,W36X231,W36X361,1/2,1-1/4
14,2193.00,W40X297,W36X231,W36X361,1/2,1-1/4
15,2349.00,W40X264,W36X182,W36X302,1/2,1-1/8
16,2505.00,W40X264,W36X182,W36X302,1/2,1-1/8
17,2661.00,W40X211,W36X160,W36X231,1/4,1
18,2817.00,W40X211,W36X160,W36X231,1/4,1
19,2973.00,W30X108,W36X160,W36X182,0,3/16
20,3129.00,W30X108,W36X160,W36X182,0,3/16